,Stadt,Indikator,Wert,Jahr,Zeitraum
0,"Winterthur, Stadt",Relative Steuerkraft [Fr./Einw.],2809.0,2021,Departement Finanzen Winterthur von SP besetzt
1,"Winterthur, Stadt",Relative Steuerkraft [Fr./Einw.],2647.0,2020,Departement Finanzen Winterthur von SP besetzt
2,"Winterthur, Stadt",Relative Steuerkraft [Fr./Einw.],2784.0,2019,Departement Finanzen Winterthur von SP besetzt
3,"Winterthur, Stadt",Relative Steuerkraft [Fr./Einw.],2798.0,2018,Departement Finanzen Winterthur von SP besetzt
4,"Winterthur, Stadt",Relative Steuerkraft [Fr./Einw.],2740.0,2017,Departement Finanzen Winterthur von SP besetzt
5,"Winterthur, Stadt",Relative Steuerkraft [Fr./Einw.],2842.0,2016,Departement Finanzen Winterthur von SP besetzt
6,"Winterthur, Stadt",Relative Steuerkraft [Fr./Einw.],2771.0,2015,Departement Finanzen Winterthur von SP besetzt
7,"Winterthur, Stadt",Relative Steuerkraft [Fr./Einw.],2802.0,2014,Departement Finanzen Winterthur von SP besetzt
8,"Winterthur, Stadt",Relative Steuerkraft [Fr./Einw.],2777.0,2013,Departement Finanzen Winterthur von SP besetzt
9,"Winterthur, Stadt",Relative Steuerkraft [Fr./Einw.],2833.0,2012,Departement Finanzen Winterthur NICHT von SP besetzt
10,"Winterthur, Stadt",Relative Steuerkraft [Fr./Einw.],2812.0,2011,Departement Finanzen Winterthur NICHT von SP besetzt
11,"Winterthur, Stadt",Relative Steuerkraft [Fr./Einw.],2696.0,2010,Departement Finanzen Winterthur NICHT von SP besetzt
12,"Winterthur, Stadt",Relative Steuerkraft [Fr./Einw.],2591.0,2009,Departement Finanzen Winterthur NICHT von SP besetzt
13,"Winterthur, Stadt",Relative Steuerkraft [Fr./Einw.],2507.0,2008,Departement Finanzen Winterthur NICHT von SP besetzt
14,"Winterthur, Stadt",Relative Steuerkraft [Fr./Einw.],2369.0,2007,Departement Finanzen Winterthur NICHT von SP besetzt
15,"Winterthur, Stadt",Relative Steuerkraft [Fr./Einw.],2207.0,2006,Departement Finanzen Winterthur NICHT von SP besetzt
16,"Winterthur, Stadt",Relative Steuerkraft [Fr./Einw.],2317.0,2005,Departement Finanzen Winterthur NICHT von SP besetzt
17,"Winterthur, Stadt",Relative Steuerkraft [Fr./Einw.],2182.0,2004,Departement Finanzen Winterthur NICHT von SP besetzt
18,"Winterthur, Stadt",Relative Steuerkraft [Fr./Einw.],2277.0,2003,Departement Finanzen Winterthur NICHT von SP besetzt
19,"Winterthur, Stadt",Relative Steuerkraft [Fr./Einw.],2104.0,2002,Departement Finanzen Winterthur NICHT von SP besetzt
20,"Winterthur, Stadt",Relative Steuerkraft [Fr./Einw.],2238.0,2001,Departement Finanzen Winterthur NICHT von SP besetzt
21,"Winterthur, Stadt",Relative Steuerkraft [Fr./Einw.],2200.0,2000,Departement Finanzen Winterthur NICHT von SP besetzt
22,"Winterthur, Stadt",Relative Steuerkraft [Fr./Einw.],2100.0,1999,Departement Finanzen Winterthur NICHT von SP besetzt
23,"Winterthur, Stadt",Relative Steuerkraft [Fr./Einw.],2018.0,1998,Departement Finanzen Winterthur NICHT von SP besetzt
24,"Winterthur, Stadt",Relative Steuerkraft [Fr./Einw.],1889.0,1997,Departement Finanzen Winterthur NICHT von SP besetzt
25,"Winterthur, Stadt",Relative Steuerkraft [Fr./Einw.],1886.0,1996,Departement Finanzen Winterthur NICHT von SP besetzt
26,"Winterthur, Stadt",Relative Steuerkraft [Fr./Einw.],1914.0,1995,Departement Finanzen Winterthur NICHT von SP besetzt
27,"Winterthur, Stadt",Relative Steuerkraft [Fr./Einw.],1862.0,1994,Departement Finanzen Winterthur NICHT von SP besetzt
28,"Winterthur, Stadt",Relative Steuerkraft [Fr./Einw.],1816.0,1993,Departement Finanzen Winterthur NICHT von SP besetzt
29,"Winterthur, Stadt",Relative Steuerkraft [Fr./Einw.],1739.0,1992,Departement Finanzen Winterthur NICHT von SP besetzt
30,"Winterthur, Stadt",Relative Steuerkraft [Fr./Einw.],1604.0,1991,Departement Finanzen Winterthur NICHT von SP besetzt
31,"Winterthur, Stadt",Relative Steuerkraft [Fr./Einw.],1646.0,1990,Departement Finanzen Winterthur NICHT von SP besetzt
32,"Zürich, Stadt",Relative Steuerkraft [Fr./Einw.],5522.0,2021,Departement Finanzen Winterthur von SP besetzt
33,"Zürich, Stadt",Relative Steuerkraft [Fr./Einw.],5348.0,2020,Departement Finanzen Winterthur von SP besetzt
34,"Zürich, Stadt",Relative Steuerkraft [Fr./Einw.],5329.0,2019,Departement Finanzen Winterthur von SP besetzt
35,"Zürich, Stadt",Relative Steuerkraft [Fr./Einw.],5449.0,2018,Departement Finanzen Winterthur von SP besetzt
36,"Zürich, Stadt",Relative Steuerkraft [Fr./Einw.],5118.0,2017,Departement Finanzen Winterthur von SP besetzt
37,"Zürich, Stadt",Relative Steuerkraft [Fr./Einw.],5614.0,2016,Departement Finanzen Winterthur von SP besetzt
38,"Zürich, Stadt",Relative Steuerkraft [Fr./Einw.],5080.0,2015,Departement Finanzen Winterthur von SP besetzt
39,"Zürich, Stadt",Relative Steuerkraft [Fr./Einw.],4952.0,2014,Departement Finanzen Winterthur von SP besetzt
40,"Zürich, Stadt",Relative Steuerkraft [Fr./Einw.],4863.0,2013,Departement Finanzen Winterthur von SP besetzt
41,"Zürich, Stadt",Relative Steuerkraft [Fr./Einw.],4887.0,2012,Departement Finanzen Winterthur NICHT von SP besetzt
42,"Zürich, Stadt",Relative Steuerkraft [Fr./Einw.],4978.0,2011,Departement Finanzen Winterthur NICHT von SP besetzt
43,"Zürich, Stadt",Relative Steuerkraft [Fr./Einw.],4921.0,2010,Departement Finanzen Winterthur NICHT von SP besetzt
44,"Zürich, Stadt",Relative Steuerkraft [Fr./Einw.],4946.0,2009,Departement Finanzen Winterthur NICHT von SP besetzt
45,"Zürich, Stadt",Relative Steuerkraft [Fr./Einw.],4564.0,2008,Departement Finanzen Winterthur NICHT von SP besetzt
46,"Zürich, Stadt",Relative Steuerkraft [Fr./Einw.],5123.0,2007,Departement Finanzen Winterthur NICHT von SP besetzt
47,"Zürich, Stadt",Relative Steuerkraft [Fr./Einw.],4772.0,2006,Departement Finanzen Winterthur NICHT von SP besetzt
48,"Zürich, Stadt",Relative Steuerkraft [Fr./Einw.],4342.0,2005,Departement Finanzen Winterthur NICHT von SP besetzt
49,"Zürich, Stadt",Relative Steuerkraft [Fr./Einw.],4377.0,2004,Departement Finanzen Winterthur NICHT von SP besetzt
50,"Zürich, Stadt",Relative Steuerkraft [Fr./Einw.],4664.0,2003,Departement Finanzen Winterthur NICHT von SP besetzt
51,"Zürich, Stadt",Relative Steuerkraft [Fr./Einw.],5167.0,2002,Departement Finanzen Winterthur NICHT von SP besetzt
52,"Zürich, Stadt",Relative Steuerkraft [Fr./Einw.],4705.0,2001,Departement Finanzen Winterthur NICHT von SP besetzt
53,"Zürich, Stadt",Relative Steuerkraft [Fr./Einw.],4227.0,2000,Departement Finanzen Winterthur NICHT von SP besetzt
54,"Zürich, Stadt",Relative Steuerkraft [Fr./Einw.],3856.0,1999,Departement Finanzen Winterthur NICHT von SP besetzt
55,"Zürich, Stadt",Relative Steuerkraft [Fr./Einw.],3354.0,1998,Departement Finanzen Winterthur NICHT von SP besetzt
56,"Zürich, Stadt",Relative Steuerkraft [Fr./Einw.],3142.0,1997,Departement Finanzen Winterthur NICHT von SP besetzt
57,"Zürich, Stadt",Relative Steuerkraft [Fr./Einw.],3304.0,1996,Departement Finanzen Winterthur NICHT von SP besetzt
58,"Zürich, Stadt",Relative Steuerkraft [Fr./Einw.],3285.0,1995,Departement Finanzen Winterthur NICHT von SP besetzt
59,"Zürich, Stadt",Relative Steuerkraft [Fr./Einw.],3468.0,1994,Departement Finanzen Winterthur NICHT von SP besetzt
60,"Zürich, Stadt",Relative Steuerkraft [Fr./Einw.],3139.0,1993,Departement Finanzen Winterthur NICHT von SP besetzt
61,"Zürich, Stadt",Relative Steuerkraft [Fr./Einw.],3070.0,1992,Departement Finanzen Winterthur NICHT von SP besetzt
62,"Zürich, Stadt",Relative Steuerkraft [Fr./Einw.],2857.0,1991,Departement Finanzen Winterthur NICHT von SP besetzt
63,"Zürich, Stadt",Relative Steuerkraft [Fr./Einw.],3043.0,1990,Departement Finanzen Winterthur NICHT von SP besetzt
64,"Winterthur, Stadt",Steuerfuss (beschlossen) [%],125.0,2021,Departement Finanzen Winterthur von SP besetzt
65,"Winterthur, Stadt",Steuerfuss (beschlossen) [%],122.0,2020,Departement Finanzen Winterthur von SP besetzt
66,"Winterthur, Stadt",Steuerfuss (beschlossen) [%],122.0,2019,Departement Finanzen Winterthur von SP besetzt
67,"Winterthur, Stadt",Steuerfuss (beschlossen) [%],122.0,2018,Departement Finanzen Winterthur von SP besetzt
68,"Winterthur, Stadt",Steuerfuss (beschlossen) [%],124.0,2017,Departement Finanzen Winterthur von SP besetzt
69,"Winterthur, Stadt",Steuerfuss (beschlossen) [%],124.0,2016,Departement Finanzen Winterthur von SP besetzt
70,"Winterthur, Stadt",Steuerfuss (beschlossen) [%],122.0,2015,Departement Finanzen Winterthur von SP besetzt
71,"Winterthur, Stadt",Steuerfuss (beschlossen) [%],122.0,2014,Departement Finanzen Winterthur von SP besetzt
72,"Winterthur, Stadt",Steuerfuss (beschlossen) [%],122.0,2013,Departement Finanzen Winterthur von SP besetzt
73,"Winterthur, Stadt",Steuerfuss (beschlossen) [%],122.0,2012,Departement Finanzen Winterthur NICHT von SP besetzt
74,"Winterthur, Stadt",Steuerfuss (beschlossen) [%],122.0,2011,Departement Finanzen Winterthur NICHT von SP besetzt
75,"Winterthur, Stadt",Steuerfuss (beschlossen) [%],122.0,2010,Departement Finanzen Winterthur NICHT von SP besetzt
76,"Winterthur, Stadt",Steuerfuss (beschlossen) [%],123.0,2009,Departement Finanzen Winterthur NICHT von SP besetzt
77,"Winterthur, Stadt",Steuerfuss (beschlossen) [%],123.0,2008,Departement Finanzen Winterthur NICHT von SP besetzt
78,"Winterthur, Stadt",Steuerfuss (beschlossen) [%],123.0,2007,Departement Finanzen Winterthur NICHT von SP besetzt
79,"Winterthur, Stadt",Steuerfuss (beschlossen) [%],123.0,2006,Departement Finanzen Winterthur NICHT von SP besetzt
80,"Winterthur, Stadt",Steuerfuss (beschlossen) [%],126.0,2005,Departement Finanzen Winterthur NICHT von SP besetzt
81,"Winterthur, Stadt",Steuerfuss (beschlossen) [%],122.0,2004,Departement Finanzen Winterthur NICHT von SP besetzt
82,"Winterthur, Stadt",Steuerfuss (beschlossen) [%],122.0,2003,Departement Finanzen Winterthur NICHT von SP besetzt
83,"Winterthur, Stadt",Steuerfuss (beschlossen) [%],124.0,2002,Departement Finanzen Winterthur NICHT von SP besetzt
84,"Winterthur, Stadt",Steuerfuss (beschlossen) [%],131.0,2001,Departement Finanzen Winterthur NICHT von SP besetzt
85,"Winterthur, Stadt",Steuerfuss (beschlossen) [%],132.0,2000,Departement Finanzen Winterthur NICHT von SP besetzt
86,"Winterthur, Stadt",Steuerfuss (beschlossen) [%],131.0,1999,Departement Finanzen Winterthur NICHT von SP besetzt
87,"Winterthur, Stadt",Steuerfuss (beschlossen) [%],131.0,1998,Departement Finanzen Winterthur NICHT von SP besetzt
88,"Winterthur, Stadt",Steuerfuss (beschlossen) [%],131.0,1997,Departement Finanzen Winterthur NICHT von SP besetzt
89,"Winterthur, Stadt",Steuerfuss (beschlossen) [%],131.0,1996,Departement Finanzen Winterthur NICHT von SP besetzt
90,"Winterthur, Stadt",Steuerfuss (beschlossen) [%],130.0,1995,Departement Finanzen Winterthur NICHT von SP besetzt
91,"Winterthur, Stadt",Steuerfuss (beschlossen) [%],128.0,1994,Departement Finanzen Winterthur NICHT von SP besetzt
92,"Winterthur, Stadt",Steuerfuss (beschlossen) [%],122.0,1993,Departement Finanzen Winterthur NICHT von SP besetzt
93,"Winterthur, Stadt",Steuerfuss (beschlossen) [%],118.0,1992,Departement Finanzen Winterthur NICHT von SP besetzt
94,"Winterthur, Stadt",Steuerfuss (beschlossen) [%],116.0,1991,Departement Finanzen Winterthur NICHT von SP besetzt
95,"Winterthur, Stadt",Steuerfuss (beschlossen) [%],121.0,1990,Departement Finanzen Winterthur NICHT von SP besetzt
96,"Zürich, Stadt",Steuerfuss (beschlossen) [%],119.0,2021,Departement Finanzen Winterthur von SP besetzt
97,"Zürich, Stadt",Steuerfuss (beschlossen) [%],119.0,2020,Departement Finanzen Winterthur von SP besetzt
98,"Zürich, Stadt",Steuerfuss (beschlossen) [%],119.0,2019,Departement Finanzen Winterthur von SP besetzt
99,"Zürich, Stadt",Steuerfuss (beschlossen) [%],119.0,2018,Departement Finanzen Winterthur von SP besetzt
100,"Zürich, Stadt",Steuerfuss (beschlossen) [%],119.0,2017,Departement Finanzen Winterthur von SP besetzt
101,"Zürich, Stadt",Steuerfuss (beschlossen) [%],119.0,2016,Departement Finanzen Winterthur von SP besetzt
102,"Zürich, Stadt",Steuerfuss (beschlossen) [%],119.0,2015,Departement Finanzen Winterthur von SP besetzt
103,"Zürich, Stadt",Steuerfuss (beschlossen) [%],119.0,2014,Departement Finanzen Winterthur von SP besetzt
104,"Zürich, Stadt",Steuerfuss (beschlossen) [%],119.0,2013,Departement Finanzen Winterthur von SP besetzt
105,"Zürich, Stadt",Steuerfuss (beschlossen) [%],119.0,2012,Departement Finanzen Winterthur NICHT von SP besetzt
106,"Zürich, Stadt",Steuerfuss (beschlossen) [%],119.0,2011,Departement Finanzen Winterthur NICHT von SP besetzt
107,"Zürich, Stadt",Steuerfuss (beschlossen) [%],119.0,2010,Departement Finanzen Winterthur NICHT von SP besetzt
108,"Zürich, Stadt",Steuerfuss (beschlossen) [%],119.0,2009,Departement Finanzen Winterthur NICHT von SP besetzt
109,"Zürich, Stadt",Steuerfuss (beschlossen) [%],119.0,2008,Departement Finanzen Winterthur NICHT von SP besetzt
110,"Zürich, Stadt",Steuerfuss (beschlossen) [%],122.0,2007,Departement Finanzen Winterthur NICHT von SP besetzt
111,"Zürich, Stadt",Steuerfuss (beschlossen) [%],122.0,2006,Departement Finanzen Winterthur NICHT von SP besetzt
112,"Zürich, Stadt",Steuerfuss (beschlossen) [%],122.0,2005,Departement Finanzen Winterthur NICHT von SP besetzt
113,"Zürich, Stadt",Steuerfuss (beschlossen) [%],122.0,2004,Departement Finanzen Winterthur NICHT von SP besetzt
114,"Zürich, Stadt",Steuerfuss (beschlossen) [%],122.0,2003,Departement Finanzen Winterthur NICHT von SP besetzt
115,"Zürich, Stadt",Steuerfuss (beschlossen) [%],122.0,2002,Departement Finanzen Winterthur NICHT von SP besetzt
116,"Zürich, Stadt",Steuerfuss (beschlossen) [%],126.0,2001,Departement Finanzen Winterthur NICHT von SP besetzt
117,"Zürich, Stadt",Steuerfuss (beschlossen) [%],130.0,2000,Departement Finanzen Winterthur NICHT von SP besetzt
118,"Zürich, Stadt",Steuerfuss (beschlossen) [%],130.0,1999,Departement Finanzen Winterthur NICHT von SP besetzt
119,"Zürich, Stadt",Steuerfuss (beschlossen) [%],130.0,1998,Departement Finanzen Winterthur NICHT von SP besetzt
120,"Zürich, Stadt",Steuerfuss (beschlossen) [%],130.0,1997,Departement Finanzen Winterthur NICHT von SP besetzt
121,"Zürich, Stadt",Steuerfuss (beschlossen) [%],130.0,1996,Departement Finanzen Winterthur NICHT von SP besetzt
122,"Zürich, Stadt",Steuerfuss (beschlossen) [%],130.0,1995,Departement Finanzen Winterthur NICHT von SP besetzt
123,"Zürich, Stadt",Steuerfuss (beschlossen) [%],130.0,1994,Departement Finanzen Winterthur NICHT von SP besetzt
124,"Zürich, Stadt",Steuerfuss (beschlossen) [%],130.0,1993,Departement Finanzen Winterthur NICHT von SP besetzt
125,"Zürich, Stadt",Steuerfuss (beschlossen) [%],123.0,1992,Departement Finanzen Winterthur NICHT von SP besetzt
126,"Zürich, Stadt",Steuerfuss (beschlossen) [%],118.0,1991,Departement Finanzen Winterthur NICHT von SP besetzt
127,"Zürich, Stadt",Steuerfuss (beschlossen) [%],118.0,1990,Departement Finanzen Winterthur NICHT von SP besetzt
128,"Winterthur, Stadt",Nettoschuld [Fr./Einw.],8429.0,2021,Departement Finanzen Winterthur von SP besetzt
129,"Winterthur, Stadt",Nettoschuld [Fr./Einw.],10062.0,2020,Departement Finanzen Winterthur von SP besetzt
130,"Winterthur, Stadt",Nettoschuld [Fr./Einw.],10389.0,2019,Departement Finanzen Winterthur von SP besetzt
131,"Winterthur, Stadt",Nettoschuld [Fr./Einw.],10576.0,2018,Departement Finanzen Winterthur von SP besetzt
132,"Winterthur, Stadt",Nettoschuld [Fr./Einw.],11102.0,2017,Departement Finanzen Winterthur von SP besetzt
133,"Winterthur, Stadt",Nettoschuld [Fr./Einw.],11891.0,2016,Departement Finanzen Winterthur von SP besetzt
134,"Winterthur, Stadt",Nettoschuld [Fr./Einw.],10379.0,2015,Departement Finanzen Winterthur von SP besetzt
135,"Winterthur, Stadt",Nettoschuld [Fr./Einw.],10283.0,2014,Departement Finanzen Winterthur von SP besetzt
136,"Winterthur, Stadt",Nettoschuld [Fr./Einw.],6918.0,2013,Departement Finanzen Winterthur von SP besetzt
137,"Winterthur, Stadt",Nettoschuld [Fr./Einw.],5883.0,2012,Departement Finanzen Winterthur NICHT von SP besetzt
138,"Winterthur, Stadt",Nettoschuld [Fr./Einw.],4996.0,2011,Departement Finanzen Winterthur NICHT von SP besetzt
139,"Winterthur, Stadt",Nettoschuld [Fr./Einw.],4135.0,2010,Departement Finanzen Winterthur NICHT von SP besetzt
140,"Winterthur, Stadt",Nettoschuld [Fr./Einw.],3550.0,2009,Departement Finanzen Winterthur NICHT von SP besetzt
141,"Winterthur, Stadt",Nettoschuld [Fr./Einw.],2842.0,2008,Departement Finanzen Winterthur NICHT von SP besetzt
142,"Winterthur, Stadt",Nettoschuld [Fr./Einw.],2877.0,2007,Departement Finanzen Winterthur NICHT von SP besetzt
143,"Winterthur, Stadt",Nettoschuld [Fr./Einw.],3138.0,2006,Departement Finanzen Winterthur NICHT von SP besetzt
144,"Winterthur, Stadt",Nettoschuld [Fr./Einw.],4026.0,2005,Departement Finanzen Winterthur NICHT von SP besetzt
145,"Winterthur, Stadt",Nettoschuld [Fr./Einw.],4373.0,2004,Departement Finanzen Winterthur NICHT von SP besetzt
146,"Winterthur, Stadt",Nettoschuld [Fr./Einw.],4621.0,2003,Departement Finanzen Winterthur NICHT von SP besetzt
147,"Winterthur, Stadt",Nettoschuld [Fr./Einw.],5090.0,2002,Departement Finanzen Winterthur NICHT von SP besetzt
148,"Winterthur, Stadt",Nettoschuld [Fr./Einw.],4661.0,2001,Departement Finanzen Winterthur NICHT von SP besetzt
149,"Winterthur, Stadt",Nettoschuld [Fr./Einw.],4882.0,2000,Departement Finanzen Winterthur NICHT von SP besetzt
150,"Winterthur, Stadt",Nettoschuld [Fr./Einw.],4838.0,1999,Departement Finanzen Winterthur NICHT von SP besetzt
151,"Winterthur, Stadt",Nettoschuld [Fr./Einw.],4720.0,1998,Departement Finanzen Winterthur NICHT von SP besetzt
152,"Winterthur, Stadt",Nettoschuld [Fr./Einw.],4692.0,1997,Departement Finanzen Winterthur NICHT von SP besetzt
153,"Winterthur, Stadt",Nettoschuld [Fr./Einw.],4705.0,1996,Departement Finanzen Winterthur NICHT von SP besetzt
154,"Winterthur, Stadt",Nettoschuld [Fr./Einw.],5551.0,1995,Departement Finanzen Winterthur NICHT von SP besetzt
155,"Winterthur, Stadt",Nettoschuld [Fr./Einw.],5510.0,1994,Departement Finanzen Winterthur NICHT von SP besetzt
156,"Winterthur, Stadt",Nettoschuld [Fr./Einw.],4907.0,1993,Departement Finanzen Winterthur NICHT von SP besetzt
157,"Winterthur, Stadt",Nettoschuld [Fr./Einw.],4581.0,1992,Departement Finanzen Winterthur NICHT von SP besetzt
158,"Winterthur, Stadt",Nettoschuld [Fr./Einw.],3291.0,1991,Departement Finanzen Winterthur NICHT von SP besetzt
159,"Winterthur, Stadt",Nettoschuld [Fr./Einw.],2331.0,1990,Departement Finanzen Winterthur NICHT von SP besetzt
160,"Zürich, Stadt",Nettoschuld [Fr./Einw.],10646.0,2021,Departement Finanzen Winterthur von SP besetzt
161,"Zürich, Stadt",Nettoschuld [Fr./Einw.],10135.0,2020,Departement Finanzen Winterthur von SP besetzt
162,"Zürich, Stadt",Nettoschuld [Fr./Einw.],9678.0,2019,Departement Finanzen Winterthur von SP besetzt
163,"Zürich, Stadt",Nettoschuld [Fr./Einw.],9510.0,2018,Departement Finanzen Winterthur von SP besetzt
164,"Zürich, Stadt",Nettoschuld [Fr./Einw.],9753.0,2017,Departement Finanzen Winterthur von SP besetzt
165,"Zürich, Stadt",Nettoschuld [Fr./Einw.],9104.0,2016,Departement Finanzen Winterthur von SP besetzt
166,"Zürich, Stadt",Nettoschuld [Fr./Einw.],10207.0,2015,Departement Finanzen Winterthur von SP besetzt
167,"Zürich, Stadt",Nettoschuld [Fr./Einw.],10755.0,2014,Departement Finanzen Winterthur von SP besetzt
168,"Zürich, Stadt",Nettoschuld [Fr./Einw.],11339.0,2013,Departement Finanzen Winterthur von SP besetzt
169,"Zürich, Stadt",Nettoschuld [Fr./Einw.],10901.0,2012,Departement Finanzen Winterthur NICHT von SP besetzt
170,"Zürich, Stadt",Nettoschuld [Fr./Einw.],9713.0,2011,Departement Finanzen Winterthur NICHT von SP besetzt
171,"Zürich, Stadt",Nettoschuld [Fr./Einw.],9356.0,2010,Departement Finanzen Winterthur NICHT von SP besetzt
172,"Zürich, Stadt",Nettoschuld [Fr./Einw.],8760.0,2009,Departement Finanzen Winterthur NICHT von SP besetzt
173,"Zürich, Stadt",Nettoschuld [Fr./Einw.],4714.0,2008,Departement Finanzen Winterthur NICHT von SP besetzt
174,"Zürich, Stadt",Nettoschuld [Fr./Einw.],4009.0,2007,Departement Finanzen Winterthur NICHT von SP besetzt
175,"Zürich, Stadt",Nettoschuld [Fr./Einw.],5177.0,2006,Departement Finanzen Winterthur NICHT von SP besetzt
176,"Zürich, Stadt",Nettoschuld [Fr./Einw.],5306.0,2005,Departement Finanzen Winterthur NICHT von SP besetzt
177,"Zürich, Stadt",Nettoschuld [Fr./Einw.],5113.0,2004,Departement Finanzen Winterthur NICHT von SP besetzt
178,"Zürich, Stadt",Nettoschuld [Fr./Einw.],5296.0,2003,Departement Finanzen Winterthur NICHT von SP besetzt
179,"Zürich, Stadt",Nettoschuld [Fr./Einw.],7419.0,2002,Departement Finanzen Winterthur NICHT von SP besetzt
180,"Zürich, Stadt",Nettoschuld [Fr./Einw.],9236.0,2001,Departement Finanzen Winterthur NICHT von SP besetzt
181,"Zürich, Stadt",Nettoschuld [Fr./Einw.],10964.0,2000,Departement Finanzen Winterthur NICHT von SP besetzt
182,"Zürich, Stadt",Nettoschuld [Fr./Einw.],13211.0,1999,Departement Finanzen Winterthur NICHT von SP besetzt
183,"Zürich, Stadt",Nettoschuld [Fr./Einw.],14378.0,1998,Departement Finanzen Winterthur NICHT von SP besetzt
184,"Zürich, Stadt",Nettoschuld [Fr./Einw.],14278.0,1997,Departement Finanzen Winterthur NICHT von SP besetzt
185,"Zürich, Stadt",Nettoschuld [Fr./Einw.],13956.0,1996,Departement Finanzen Winterthur NICHT von SP besetzt
186,"Zürich, Stadt",Nettoschuld [Fr./Einw.],13320.0,1995,Departement Finanzen Winterthur NICHT von SP besetzt
187,"Zürich, Stadt",Nettoschuld [Fr./Einw.],12809.0,1994,Departement Finanzen Winterthur NICHT von SP besetzt
188,"Zürich, Stadt",Nettoschuld [Fr./Einw.],12210.0,1993,Departement Finanzen Winterthur NICHT von SP besetzt
189,"Zürich, Stadt",Nettoschuld [Fr./Einw.],11031.0,1992,Departement Finanzen Winterthur NICHT von SP besetzt
190,"Zürich, Stadt",Nettoschuld [Fr./Einw.],8636.0,1991,Departement Finanzen Winterthur NICHT von SP besetzt
191,"Zürich, Stadt",Nettoschuld [Fr./Einw.],6625.0,1990,Departement Finanzen Winterthur NICHT von SP besetzt
192,"Winterthur, Stadt",Nettoschuld [Fr.],968992318.0,2021,Departement Finanzen Winterthur von SP besetzt
193,"Winterthur, Stadt",Nettoschuld [Fr.],1147989969.0,2020,Departement Finanzen Winterthur von SP besetzt
194,"Winterthur, Stadt",Nettoschuld [Fr.],1173041203.0,2019,Departement Finanzen Winterthur von SP besetzt
195,"Winterthur, Stadt",Nettoschuld [Fr.],1179864949.0,2018,Departement Finanzen Winterthur von SP besetzt
196,"Winterthur, Stadt",Nettoschuld [Fr.],1227574298.0,2017,Departement Finanzen Winterthur von SP besetzt
197,"Winterthur, Stadt",Nettoschuld [Fr.],1300606011.0,2016,Departement Finanzen Winterthur von SP besetzt
198,"Winterthur, Stadt",Nettoschuld [Fr.],1121425346.0,2015,Departement Finanzen Winterthur von SP besetzt
199,"Winterthur, Stadt",Nettoschuld [Fr.],1095668413.0,2014,Departement Finanzen Winterthur von SP besetzt
200,"Winterthur, Stadt",Nettoschuld [Fr.],729558428.0,2013,Departement Finanzen Winterthur von SP besetzt
201,"Winterthur, Stadt",Nettoschuld [Fr.],613975058.0,2012,Departement Finanzen Winterthur NICHT von SP besetzt
202,"Winterthur, Stadt",Nettoschuld [Fr.],514385682.0,2011,Departement Finanzen Winterthur NICHT von SP besetzt
203,"Winterthur, Stadt",Nettoschuld [Fr.],418515620.0,2010,Departement Finanzen Winterthur NICHT von SP besetzt
204,"Winterthur, Stadt",Nettoschuld [Fr.],351247219.0,2009,Departement Finanzen Winterthur NICHT von SP besetzt
205,"Winterthur, Stadt",Nettoschuld [Fr.],278397680.0,2008,Departement Finanzen Winterthur NICHT von SP besetzt
206,"Winterthur, Stadt",Nettoschuld [Fr.],276042221.0,2007,Departement Finanzen Winterthur NICHT von SP besetzt
207,"Winterthur, Stadt",Nettoschuld [Fr.],295003989.0,2006,Departement Finanzen Winterthur NICHT von SP besetzt
208,"Winterthur, Stadt",Nettoschuld [Fr.],374296663.0,2005,Departement Finanzen Winterthur NICHT von SP besetzt
209,"Winterthur, Stadt",Nettoschuld [Fr.],404101073.0,2004,Departement Finanzen Winterthur NICHT von SP besetzt
210,"Winterthur, Stadt",Nettoschuld [Fr.],420026986.0,2003,Departement Finanzen Winterthur NICHT von SP besetzt
211,"Winterthur, Stadt",Nettoschuld [Fr.],457853403.0,2002,Departement Finanzen Winterthur NICHT von SP besetzt
212,"Winterthur, Stadt",Nettoschuld [Fr.],416444857.0,2001,Departement Finanzen Winterthur NICHT von SP besetzt
213,"Winterthur, Stadt",Nettoschuld [Fr.],431942205.0,2000,Departement Finanzen Winterthur NICHT von SP besetzt
214,"Winterthur, Stadt",Nettoschuld [Fr.],424422714.0,1999,Departement Finanzen Winterthur NICHT von SP besetzt
215,"Winterthur, Stadt",Nettoschuld [Fr.],412409712.0,1998,Departement Finanzen Winterthur NICHT von SP besetzt
216,"Winterthur, Stadt",Nettoschuld [Fr.],408752218.0,1997,Departement Finanzen Winterthur NICHT von SP besetzt
217,"Winterthur, Stadt",Nettoschuld [Fr.],410296729.0,1996,Departement Finanzen Winterthur NICHT von SP besetzt
218,"Winterthur, Stadt",Nettoschuld [Fr.],485217274.0,1995,Departement Finanzen Winterthur NICHT von SP besetzt
219,"Winterthur, Stadt",Nettoschuld [Fr.],481070467.0,1994,Departement Finanzen Winterthur NICHT von SP besetzt
220,"Winterthur, Stadt",Nettoschuld [Fr.],426498989.0,1993,Departement Finanzen Winterthur NICHT von SP besetzt
221,"Winterthur, Stadt",Nettoschuld [Fr.],396097125.0,1992,Departement Finanzen Winterthur NICHT von SP besetzt
222,"Winterthur, Stadt",Nettoschuld [Fr.],287756793.0,1991,Departement Finanzen Winterthur NICHT von SP besetzt
223,"Winterthur, Stadt",Nettoschuld [Fr.],201646013.0,1990,Departement Finanzen Winterthur NICHT von SP besetzt
224,"Zürich, Stadt",Nettoschuld [Fr.],4494658748.0,2021,Departement Finanzen Winterthur von SP besetzt
225,"Zürich, Stadt",Nettoschuld [Fr.],4265716835.0,2020,Departement Finanzen Winterthur von SP besetzt
226,"Zürich, Stadt",Nettoschuld [Fr.],4055021820.0,2019,Departement Finanzen Winterthur von SP besetzt
227,"Zürich, Stadt",Nettoschuld [Fr.],3936496307.0,2018,Departement Finanzen Winterthur von SP besetzt
228,"Zürich, Stadt",Nettoschuld [Fr.],3973944917.0,2017,Departement Finanzen Winterthur von SP besetzt
229,"Zürich, Stadt",Nettoschuld [Fr.],3651844876.0,2016,Departement Finanzen Winterthur von SP besetzt
230,"Zürich, Stadt",Nettoschuld [Fr.],4042127273.0,2015,Departement Finanzen Winterthur von SP besetzt
231,"Zürich, Stadt",Nettoschuld [Fr.],4199481346.0,2014,Departement Finanzen Winterthur von SP besetzt
232,"Zürich, Stadt",Nettoschuld [Fr.],4350817013.0,2013,Departement Finanzen Winterthur von SP besetzt
233,"Zürich, Stadt",Nettoschuld [Fr.],4141589575.0,2012,Departement Finanzen Winterthur NICHT von SP besetzt
234,"Zürich, Stadt",Nettoschuld [Fr.],3652194030.0,2011,Departement Finanzen Winterthur NICHT von SP besetzt
235,"Zürich, Stadt",Nettoschuld [Fr.],3480830180.0,2010,Departement Finanzen Winterthur NICHT von SP besetzt
236,"Zürich, Stadt",Nettoschuld [Fr.],3198135529.0,2009,Departement Finanzen Winterthur NICHT von SP besetzt
237,"Zürich, Stadt",Nettoschuld [Fr.],1702279578.0,2008,Departement Finanzen Winterthur NICHT von SP besetzt
238,"Zürich, Stadt",Nettoschuld [Fr.],1420356355.0,2007,Departement Finanzen Winterthur NICHT von SP besetzt
239,"Zürich, Stadt",Nettoschuld [Fr.],1782004839.0,2006,Departement Finanzen Winterthur NICHT von SP besetzt
240,"Zürich, Stadt",Nettoschuld [Fr.],1820659137.0,2005,Departement Finanzen Winterthur NICHT von SP besetzt
241,"Zürich, Stadt",Nettoschuld [Fr.],1749343685.0,2004,Departement Finanzen Winterthur NICHT von SP besetzt
242,"Zürich, Stadt",Nettoschuld [Fr.],1802813086.0,2003,Departement Finanzen Winterthur NICHT von SP besetzt
243,"Zürich, Stadt",Nettoschuld [Fr.],2521954599.0,2002,Departement Finanzen Winterthur NICHT von SP besetzt
244,"Zürich, Stadt",Nettoschuld [Fr.],3110196373.0,2001,Departement Finanzen Winterthur NICHT von SP besetzt
245,"Zürich, Stadt",Nettoschuld [Fr.],3665373978.0,2000,Departement Finanzen Winterthur NICHT von SP besetzt
246,"Zürich, Stadt",Nettoschuld [Fr.],4405740657.0,1999,Departement Finanzen Winterthur NICHT von SP besetzt
247,"Zürich, Stadt",Nettoschuld [Fr.],4800016623.0,1998,Departement Finanzen Winterthur NICHT von SP besetzt
248,"Zürich, Stadt",Nettoschuld [Fr.],4796755272.0,1997,Departement Finanzen Winterthur NICHT von SP besetzt
249,"Zürich, Stadt",Nettoschuld [Fr.],4732985742.0,1996,Departement Finanzen Winterthur NICHT von SP besetzt
250,"Zürich, Stadt",Nettoschuld [Fr.],4555665462.0,1995,Departement Finanzen Winterthur NICHT von SP besetzt
251,"Zürich, Stadt",Nettoschuld [Fr.],4390824393.0,1994,Departement Finanzen Winterthur NICHT von SP besetzt
252,"Zürich, Stadt",Nettoschuld [Fr.],4182147161.0,1993,Departement Finanzen Winterthur NICHT von SP besetzt
253,"Zürich, Stadt",Nettoschuld [Fr.],3795913969.0,1992,Departement Finanzen Winterthur NICHT von SP besetzt
254,"Zürich, Stadt",Nettoschuld [Fr.],3029603104.0,1991,Departement Finanzen Winterthur NICHT von SP besetzt
255,"Zürich, Stadt",Nettoschuld [Fr.],2302939225.0,1990,Departement Finanzen Winterthur NICHT von SP besetzt
256,"Winterthur, Stadt",Differenz Relative Steuerkraft [Fr./Einw.] - Nettoschuld [Fr./Einw.],-5620.0,2021,Departement Finanzen Winterthur von SP besetzt
257,"Winterthur, Stadt",Differenz Relative Steuerkraft [Fr./Einw.] - Nettoschuld [Fr./Einw.],-7415.0,2020,Departement Finanzen Winterthur von SP besetzt
258,"Winterthur, Stadt",Differenz Relative Steuerkraft [Fr./Einw.] - Nettoschuld [Fr./Einw.],-7605.0,2019,Departement Finanzen Winterthur von SP besetzt
259,"Winterthur, Stadt",Differenz Relative Steuerkraft [Fr./Einw.] - Nettoschuld [Fr./Einw.],-7778.0,2018,Departement Finanzen Winterthur von SP besetzt
260,"Winterthur, Stadt",Differenz Relative Steuerkraft [Fr./Einw.] - Nettoschuld [Fr./Einw.],-8362.0,2017,Departement Finanzen Winterthur von SP besetzt
261,"Winterthur, Stadt",Differenz Relative Steuerkraft [Fr./Einw.] - Nettoschuld [Fr./Einw.],-9049.0,2016,Departement Finanzen Winterthur von SP besetzt
262,"Winterthur, Stadt",Differenz Relative Steuerkraft [Fr./Einw.] - Nettoschuld [Fr./Einw.],-7608.0,2015,Departement Finanzen Winterthur von SP besetzt
263,"Winterthur, Stadt",Differenz Relative Steuerkraft [Fr./Einw.] - Nettoschuld [Fr./Einw.],-7481.0,2014,Departement Finanzen Winterthur von SP besetzt
264,"Winterthur, Stadt",Differenz Relative Steuerkraft [Fr./Einw.] - Nettoschuld [Fr./Einw.],-4141.0,2013,Departement Finanzen Winterthur von SP besetzt
265,"Winterthur, Stadt",Differenz Relative Steuerkraft [Fr./Einw.] - Nettoschuld [Fr./Einw.],-3050.0,2012,Departement Finanzen Winterthur NICHT von SP besetzt
266,"Winterthur, Stadt",Differenz Relative Steuerkraft [Fr./Einw.] - Nettoschuld [Fr./Einw.],-2184.0,2011,Departement Finanzen Winterthur NICHT von SP besetzt
267,"Winterthur, Stadt",Differenz Relative Steuerkraft [Fr./Einw.] - Nettoschuld [Fr./Einw.],-1439.0,2010,Departement Finanzen Winterthur NICHT von SP besetzt
268,"Winterthur, Stadt",Differenz Relative Steuerkraft [Fr./Einw.] - Nettoschuld [Fr./Einw.],-959.0,2009,Departement Finanzen Winterthur NICHT von SP besetzt
269,"Winterthur, Stadt",Differenz Relative Steuerkraft [Fr./Einw.] - Nettoschuld [Fr./Einw.],-335.0,2008,Departement Finanzen Winterthur NICHT von SP besetzt
270,"Winterthur, Stadt",Differenz Relative Steuerkraft [Fr./Einw.] - Nettoschuld [Fr./Einw.],-508.0,2007,Departement Finanzen Winterthur NICHT von SP besetzt
271,"Winterthur, Stadt",Differenz Relative Steuerkraft [Fr./Einw.] - Nettoschuld [Fr./Einw.],-931.0,2006,Departement Finanzen Winterthur NICHT von SP besetzt
272,"Winterthur, Stadt",Differenz Relative Steuerkraft [Fr./Einw.] - Nettoschuld [Fr./Einw.],-1709.0,2005,Departement Finanzen Winterthur NICHT von SP besetzt
273,"Winterthur, Stadt",Differenz Relative Steuerkraft [Fr./Einw.] - Nettoschuld [Fr./Einw.],-2191.0,2004,Departement Finanzen Winterthur NICHT von SP besetzt
274,"Winterthur, Stadt",Differenz Relative Steuerkraft [Fr./Einw.] - Nettoschuld [Fr./Einw.],-2344.0,2003,Departement Finanzen Winterthur NICHT von SP besetzt
275,"Winterthur, Stadt",Differenz Relative Steuerkraft [Fr./Einw.] - Nettoschuld [Fr./Einw.],-2986.0,2002,Departement Finanzen Winterthur NICHT von SP besetzt
276,"Winterthur, Stadt",Differenz Relative Steuerkraft [Fr./Einw.] - Nettoschuld [Fr./Einw.],-2423.0,2001,Departement Finanzen Winterthur NICHT von SP besetzt
277,"Winterthur, Stadt",Differenz Relative Steuerkraft [Fr./Einw.] - Nettoschuld [Fr./Einw.],-2682.0,2000,Departement Finanzen Winterthur NICHT von SP besetzt
278,"Winterthur, Stadt",Differenz Relative Steuerkraft [Fr./Einw.] - Nettoschuld [Fr./Einw.],-2738.0,1999,Departement Finanzen Winterthur NICHT von SP besetzt
279,"Winterthur, Stadt",Differenz Relative Steuerkraft [Fr./Einw.] - Nettoschuld [Fr./Einw.],-2702.0,1998,Departement Finanzen Winterthur NICHT von SP besetzt
280,"Winterthur, Stadt",Differenz Relative Steuerkraft [Fr./Einw.] - Nettoschuld [Fr./Einw.],-2803.0,1997,Departement Finanzen Winterthur NICHT von SP besetzt
281,"Winterthur, Stadt",Differenz Relative Steuerkraft [Fr./Einw.] - Nettoschuld [Fr./Einw.],-2819.0,1996,Departement Finanzen Winterthur NICHT von SP besetzt
282,"Winterthur, Stadt",Differenz Relative Steuerkraft [Fr./Einw.] - Nettoschuld [Fr./Einw.],-3637.0,1995,Departement Finanzen Winterthur NICHT von SP besetzt
283,"Winterthur, Stadt",Differenz Relative Steuerkraft [Fr./Einw.] - Nettoschuld [Fr./Einw.],-3648.0,1994,Departement Finanzen Winterthur NICHT von SP besetzt
284,"Winterthur, Stadt",Differenz Relative Steuerkraft [Fr./Einw.] - Nettoschuld [Fr./Einw.],-3091.0,1993,Departement Finanzen Winterthur NICHT von SP besetzt
285,"Winterthur, Stadt",Differenz Relative Steuerkraft [Fr./Einw.] - Nettoschuld [Fr./Einw.],-2842.0,1992,Departement Finanzen Winterthur NICHT von SP besetzt
286,"Winterthur, Stadt",Differenz Relative Steuerkraft [Fr./Einw.] - Nettoschuld [Fr./Einw.],-1687.0,1991,Departement Finanzen Winterthur NICHT von SP besetzt
287,"Winterthur, Stadt",Differenz Relative Steuerkraft [Fr./Einw.] - Nettoschuld [Fr./Einw.],-685.0,1990,Departement Finanzen Winterthur NICHT von SP besetzt
288,"Zürich, Stadt",Differenz Relative Steuerkraft [Fr./Einw.] - Nettoschuld [Fr./Einw.],-5124.0,2021,Departement Finanzen Winterthur von SP besetzt
289,"Zürich, Stadt",Differenz Relative Steuerkraft [Fr./Einw.] - Nettoschuld [Fr./Einw.],-4787.0,2020,Departement Finanzen Winterthur von SP besetzt
290,"Zürich, Stadt",Differenz Relative Steuerkraft [Fr./Einw.] - Nettoschuld [Fr./Einw.],-4349.0,2019,Departement Finanzen Winterthur von SP besetzt
291,"Zürich, Stadt",Differenz Relative Steuerkraft [Fr./Einw.] - Nettoschuld [Fr./Einw.],-4061.0,2018,Departement Finanzen Winterthur von SP besetzt
292,"Zürich, Stadt",Differenz Relative Steuerkraft [Fr./Einw.] - Nettoschuld [Fr./Einw.],-4635.0,2017,Departement Finanzen Winterthur von SP besetzt
293,"Zürich, Stadt",Differenz Relative Steuerkraft [Fr./Einw.] - Nettoschuld [Fr./Einw.],-3490.0,2016,Departement Finanzen Winterthur von SP besetzt
294,"Zürich, Stadt",Differenz Relative Steuerkraft [Fr./Einw.] - Nettoschuld [Fr./Einw.],-5127.0,2015,Departement Finanzen Winterthur von SP besetzt
295,"Zürich, Stadt",Differenz Relative Steuerkraft [Fr./Einw.] - Nettoschuld [Fr./Einw.],-5803.0,2014,Departement Finanzen Winterthur von SP besetzt
296,"Zürich, Stadt",Differenz Relative Steuerkraft [Fr./Einw.] - Nettoschuld [Fr./Einw.],-6476.0,2013,Departement Finanzen Winterthur von SP besetzt
297,"Zürich, Stadt",Differenz Relative Steuerkraft [Fr./Einw.] - Nettoschuld [Fr./Einw.],-6014.0,2012,Departement Finanzen Winterthur NICHT von SP besetzt
298,"Zürich, Stadt",Differenz Relative Steuerkraft [Fr./Einw.] - Nettoschuld [Fr./Einw.],-4735.0,2011,Departement Finanzen Winterthur NICHT von SP besetzt
299,"Zürich, Stadt",Differenz Relative Steuerkraft [Fr./Einw.] - Nettoschuld [Fr./Einw.],-4435.0,2010,Departement Finanzen Winterthur NICHT von SP besetzt
300,"Zürich, Stadt",Differenz Relative Steuerkraft [Fr./Einw.] - Nettoschuld [Fr./Einw.],-3814.0,2009,Departement Finanzen Winterthur NICHT von SP besetzt
301,"Zürich, Stadt",Differenz Relative Steuerkraft [Fr./Einw.] - Nettoschuld [Fr./Einw.],-150.0,2008,Departement Finanzen Winterthur NICHT von SP besetzt
302,"Zürich, Stadt",Differenz Relative Steuerkraft [Fr./Einw.] - Nettoschuld [Fr./Einw.],1114.0,2007,Departement Finanzen Winterthur NICHT von SP besetzt
303,"Zürich, Stadt",Differenz Relative Steuerkraft [Fr./Einw.] - Nettoschuld [Fr./Einw.],-405.0,2006,Departement Finanzen Winterthur NICHT von SP besetzt
304,"Zürich, Stadt",Differenz Relative Steuerkraft [Fr./Einw.] - Nettoschuld [Fr./Einw.],-964.0,2005,Departement Finanzen Winterthur NICHT von SP besetzt
305,"Zürich, Stadt",Differenz Relative Steuerkraft [Fr./Einw.] - Nettoschuld [Fr./Einw.],-736.0,2004,Departement Finanzen Winterthur NICHT von SP besetzt
306,"Zürich, Stadt",Differenz Relative Steuerkraft [Fr./Einw.] - Nettoschuld [Fr./Einw.],-632.0,2003,Departement Finanzen Winterthur NICHT von SP besetzt
307,"Zürich, Stadt",Differenz Relative Steuerkraft [Fr./Einw.] - Nettoschuld [Fr./Einw.],-2252.0,2002,Departement Finanzen Winterthur NICHT von SP besetzt
308,"Zürich, Stadt",Differenz Relative Steuerkraft [Fr./Einw.] - Nettoschuld [Fr./Einw.],-4531.0,2001,Departement Finanzen Winterthur NICHT von SP besetzt
309,"Zürich, Stadt",Differenz Relative Steuerkraft [Fr./Einw.] - Nettoschuld [Fr./Einw.],-6737.0,2000,Departement Finanzen Winterthur NICHT von SP besetzt
310,"Zürich, Stadt",Differenz Relative Steuerkraft [Fr./Einw.] - Nettoschuld [Fr./Einw.],-9355.0,1999,Departement Finanzen Winterthur NICHT von SP besetzt
311,"Zürich, Stadt",Differenz Relative Steuerkraft [Fr./Einw.] - Nettoschuld [Fr./Einw.],-11024.0,1998,Departement Finanzen Winterthur NICHT von SP besetzt
312,"Zürich, Stadt",Differenz Relative Steuerkraft [Fr./Einw.] - Nettoschuld [Fr./Einw.],-11136.0,1997,Departement Finanzen Winterthur NICHT von SP besetzt
313,"Zürich, Stadt",Differenz Relative Steuerkraft [Fr./Einw.] - Nettoschuld [Fr./Einw.],-10652.0,1996,Departement Finanzen Winterthur NICHT von SP besetzt
314,"Zürich, Stadt",Differenz Relative Steuerkraft [Fr./Einw.] - Nettoschuld [Fr./Einw.],-10035.0,1995,Departement Finanzen Winterthur NICHT von SP besetzt
315,"Zürich, Stadt",Differenz Relative Steuerkraft [Fr./Einw.] - Nettoschuld [Fr./Einw.],-9341.0,1994,Departement Finanzen Winterthur NICHT von SP besetzt
316,"Zürich, Stadt",Differenz Relative Steuerkraft [Fr./Einw.] - Nettoschuld [Fr./Einw.],-9071.0,1993,Departement Finanzen Winterthur NICHT von SP besetzt
317,"Zürich, Stadt",Differenz Relative Steuerkraft [Fr./Einw.] - Nettoschuld [Fr./Einw.],-7961.0,1992,Departement Finanzen Winterthur NICHT von SP besetzt
318,"Zürich, Stadt",Differenz Relative Steuerkraft [Fr./Einw.] - Nettoschuld [Fr./Einw.],-5779.0,1991,Departement Finanzen Winterthur NICHT von SP besetzt
319,"Zürich, Stadt",Differenz Relative Steuerkraft [Fr./Einw.] - Nettoschuld [Fr./Einw.],-3582.0,1990,Departement Finanzen Winterthur NICHT von SP besetzt
